first_name,last_name,email
Addy,Isard,aisard0@hud.gov
Berny,Ferrier,bferrier1@bigcartel.com
Reggy,Denyakin,rdenyakin2@shareasale.com
Dulci,Masterton,dmasterton3@bizjournals.com
Vivie,Longmore,vlongmore4@t.co
Deny,Rawstron,drawstron5@europa.eu
Hasheem,Copes,hcopes6@woothemes.com
Suzanna,Togwell,stogwell7@themeforest.net
Davy,Lapley,dlapley8@google.ru
Gail,Lapere,glapere9@skyrock.com
Lyle,Gouldeby,lgouldebya@alibaba.com
Jordain,Ygou,jygoub@google.com.au
Anastasie,Kidsley,akidsleyc@ft.com
Brockie,Lupson,blupsond@google.pl
Carola,Shone,cshonee@wp.com
Zak,Yarker,zyarkerf@businesswire.com
Bekki,Shoebrook,bshoebrookg@zdnet.com
Roshelle,Tween,rtweenh@acquirethisname.com
Estrellita,Weston,ewestoni@artisteer.com
Massimo,Standingford,mstandingfordj@amazon.co.jp
Leandra,Probat,lprobatk@blogger.com
Leroi,Elderidge,lelderidgel@mozilla.com
Alysa,Aykroyd,aaykroydm@japanpost.jp
Alleyn,Littlecote,alittlecoten@is.gd
Rey,Burrells,rburrellso@sogou.com
Broderic,Wilman,bwilmanp@1688.com
Elyse,Labrom,elabromq@smugmug.com
Frankie,Nowlan,fnowlanr@arstechnica.com
Ewell,Filippozzi,efilippozzis@ameblo.jp
Vanya,Naseby,vnasebyt@barnesandnoble.com
Merell,Poytres,mpoytresu@infoseek.co.jp
Nevsa,Challenor,nchallenorv@de.vu
Geri,Toffanini,gtoffaniniw@dell.com
Vaclav,Hearty,vheartyx@wiley.com
Stefan,Loyd,sloydy@pen.io
Rubetta,Simmings,rsimmingsz@blogspot.com
Jacki,Kerr,jkerr10@tripadvisor.com
Berni,Tadlow,btadlow11@newsvine.com
Daphne,Barroux,dbarroux12@upenn.edu
Diane-marie,Prettjohn,dprettjohn13@apple.com
Clovis,Conring,cconring14@sohu.com
Shanie,Gallyon,sgallyon15@so-net.ne.jp
Noemi,Kohter,nkohter16@ucla.edu
Zebedee,Blampied,zblampied17@nytimes.com
Melvin,Feuell,mfeuell18@dedecms.com
Paulo,Mallinson,pmallinson19@51.la
Bennie,Kirvell,bkirvell1a@dion.ne.jp
Jason,Dunseath,jdunseath1b@latimes.com
Matelda,Irvin,mirvin1c@ftc.gov
Lorry,Summerrell,lsummerrell1d@geocities.jp
Alikee,Jenken,ajenken1e@ed.gov
Klaus,Jubert,kjubert1f@nature.com
Gerladina,Tuffey,gtuffey1g@wix.com
Tymothy,Crossgrove,tcrossgrove1h@wiley.com
Lynea,Anstie,lanstie1i@netscape.com
Anette,Denham,adenham1j@wsj.com
Shae,Featley,sfeatley1k@booking.com
Michele,Taberner,mtaberner1l@gnu.org
Antonius,Rewcassell,arewcassell1m@cmu.edu
Martino,Gronowe,mgronowe1n@epa.gov
Barth,Jurisic,bjurisic1o@latimes.com
Otis,Waszczyk,owaszczyk1p@cbslocal.com
Brenda,Peris,bperis1q@tumblr.com
Bobine,Kille,bkille1r@telegraph.co.uk
Aldis,Knottley,aknottley1s@opera.com
Tomaso,McGlue,tmcglue1t@goo.ne.jp
Jilleen,Bradshaw,jbradshaw1u@google.de
Delinda,Ryle,dryle1v@cornell.edu
Mattie,Buckney,mbuckney1w@time.com
Sinclair,Hebditch,shebditch1x@liveinternet.ru
Henrik,Devericks,hdevericks1y@4shared.com
Nanice,Steventon,nsteventon1z@phpbb.com
Giacomo,McSporon,gmcsporon20@webnode.com
Sly,Berthelmot,sberthelmot21@bravesites.com
Fabio,Airds,fairds22@bloglovin.com
Lorrayne,Lukehurst,llukehurst23@stumbleupon.com
Lisle,Greet,lgreet24@paypal.com
Boothe,Anstee,banstee25@cargocollective.com
Brear,Conn,bconn26@apache.org
Fanechka,Skullet,fskullet27@soup.io
Yance,Watting,ywatting28@gov.uk
Skippy,Teager,steager29@slate.com
Lynn,Ballston,lballston2a@shinystat.com
Benoit,Jerson,bjerson2b@odnoklassniki.ru
Eudora,Chazotte,echazotte2c@sakura.ne.jp
Jerry,Edgson,jedgson2d@lulu.com
Jackquelin,Risbridger,jrisbridger2e@wix.com
Prudence,Thames,pthames2f@auda.org.au
Pierson,Pond,ppond2g@myspace.com
Babb,Ianni,bianni2h@ovh.net
Jilleen,Geldard,jgeldard2i@archive.org
Mord,Pulfer,mpulfer2j@state.tx.us
Teddie,MacDuff,tmacduff2k@mapquest.com
Eartha,Martina,emartina2l@ucsd.edu
Lucky,Eaklee,leaklee2m@diigo.com
Lois,Clendening,lclendening2n@archive.org
Susette,Doucette,sdoucette2o@tmall.com
Dierdre,Killcross,dkillcross2p@nba.com
Alisun,Fitzroy,afitzroy2q@goo.gl
Shela,Forward,sforward2r@dion.ne.jp
José,Vargas,jose.vargas@intertech.network
Elvis,Rivera,elvis.rivera@intertech.network
